,City,Country,Date,Lat,Long,Max Temp,Humidity,Cloudiness,Wind Speed
0,pevek,RU,1619032925,69.7008,170.3133,-6.24,68,12,7.97
1,esperance,AU,1619032655,-33.8667,121.9,14.0,94,90,1.54
2,butaritari,KI,1619032928,3.0707,172.7902,27.83,78,100,7.96
3,puerto ayora,EC,1619032817,-0.7393,-90.3518,27.0,78,75,5.14
4,arraial do cabo,BR,1619032931,-22.9661,-42.0278,23.0,83,40,4.12
5,figeac,FR,1619032932,44.75,1.9167,10.0,76,75,1.54
6,lata,PT,1619032934,40.1629,-8.3327,15.56,100,75,2.57
7,kapaa,US,1619032935,22.0752,-159.319,26.11,78,40,2.57
8,bathsheba,BB,1619032937,13.2167,-59.5167,28.0,57,75,9.26
9,tecoanapa,MX,1619032939,16.5167,-98.75,30.44,47,66,5.17
10,mataura,NZ,1619032940,-46.1927,168.8643,8.33,97,94,0.45
11,hermanus,ZA,1619032942,-34.4187,19.2345,18.33,83,19,1.79
12,bengkulu,ID,1619032943,-3.8004,102.2655,24.31,90,69,1.73
13,hobart,AU,1619032918,-42.8794,147.3294,11.67,76,69,3.09
14,olafsvik,IS,1619032947,64.8945,-23.7142,5.67,83,100,2.76
15,atuona,PF,1619032948,-9.8,-139.0333,27.08,68,10,9.54
16,chuy,UY,1619032930,-33.6971,-53.4616,21.82,63,5,7.45
17,busselton,AU,1619032951,-33.65,115.3333,11.67,95,100,4.53
18,punta arenas,CL,1619032953,-53.15,-70.9167,8.0,66,0,4.12
19,hasaki,JP,1619032674,35.7333,140.8333,8.0,93,20,1.03
20,kaitangata,NZ,1619032909,-46.2817,169.8464,11.67,87,99,0.89
21,aldershot,GB,1619032957,51.2483,-0.7639,11.11,58,96,5.66
22,saint-francois,FR,1619032667,46.4154,3.9054,11.0,71,0,2.06
23,qaqortoq,GL,1619032960,60.7167,-46.0333,9.0,29,75,12.35
24,tuktoyaktuk,CA,1619032859,69.4541,-133.0374,-11.0,79,90,12.35
25,xam nua,LA,1619032963,20.4197,104.0439,19.6,77,1,0.99
26,thompson,CA,1619032965,55.7435,-97.8558,10.0,32,1,4.12
27,rio gallegos,AR,1619032894,-51.6226,-69.2181,9.0,46,0,1.54
28,rikitea,PF,1619032968,-23.1203,-134.9692,25.68,72,3,5.76
29,jamestown,US,1619032971,42.097,-79.2353,1.11,86,90,5.66
30,south river,US,1619032972,40.4465,-74.386,14.44,67,98,0.89
31,albany,US,1619032974,42.6001,-73.9662,3.89,68,100,0.89
32,ushuaia,AR,1619032975,-54.8,-68.3,10.0,53,0,0.33
33,gotsu,JP,1619032977,35.0,132.2167,14.57,51,99,2.98
34,mar del plata,AR,1619032979,-38.0023,-57.5575,21.0,94,20,9.77
35,sterling,US,1619032946,39.0062,-77.4286,12.78,37,20,12.35
36,xinglongshan,CN,1619032982,43.9561,125.4661,15.0,25,0,6.0
37,hamada,JP,1619032983,34.8833,132.0833,13.89,9,100,2.39
38,honiara,SB,1619032986,-9.4333,159.95,25.1,86,66,1.53
39,cape town,ZA,1619032974,-33.9258,18.4232,19.0,77,0,4.12
40,giyani,ZA,1619032989,-23.3025,30.7187,18.93,55,0,1.39
41,nemuro,JP,1619032694,43.3236,145.575,0.81,88,98,11.96
42,castro,BR,1619032992,-24.7911,-50.0119,18.62,66,95,3.37
43,willmar,US,1619032993,45.1219,-95.0433,6.0,49,40,5.66
44,sri aman,MY,1619032995,1.2376,111.4621,26.0,94,99,0.51
45,lavrentiya,RU,1619032898,65.5833,-171.0,-4.28,64,94,1.3
46,kavieng,PG,1619032990,-2.5744,150.7967,26.59,78,100,2.22
47,sobolevo,RU,1619032980,54.4299,31.8996,4.7,84,9,3.39
48,port alfred,ZA,1619033002,-33.5906,26.891,20.81,82,24,2.39
49,buala,SB,1619033004,-8.145,159.5921,26.31,80,100,0.77
50,lagdo,CM,1619033005,9.05,13.7333,36.0,32,20,1.03
51,norman wells,CA,1619033007,65.282,-126.8329,-3.0,59,75,7.2
52,okitipupa,NG,1619033009,6.5047,4.7839,27.19,83,5,2.74
53,qaanaaq,GL,1619033010,77.484,-69.3632,-9.92,73,100,3.82
54,miri,MY,1619033012,4.4148,114.0089,23.0,94,40,1.03
55,nouadhibou,MR,1619033013,20.931,-17.0347,20.0,73,0,10.8
56,paamiut,GL,1619032962,61.994,-49.6678,1.39,78,100,2.42
57,pangkalanbuun,ID,1619033016,-2.6833,111.6167,23.42,86,87,0.64
58,antofagasta,CL,1619032911,-23.65,-70.4,22.22,68,20,5.66
59,shancheng,CN,1619033019,34.7953,116.0817,11.56,98,100,3.01
60,mabaruma,GY,1619033021,8.2,-59.7833,31.0,70,40,5.14
61,joshimath,IN,1619033023,30.5667,79.5667,8.07,97,100,1.05
62,praia da vitoria,PT,1619033024,38.7333,-27.0667,19.0,88,40,11.28
63,ribeira grande,PT,1619033026,38.5167,-28.7,18.0,94,75,11.83
64,ust-ordynskiy,RU,1619033027,52.805,104.7508,-4.0,74,0,2.0
65,zaysan,KZ,1619033029,47.4667,84.8667,-4.64,68,3,4.2
66,muroto,JP,1619033030,33.2833,134.15,17.25,62,20,2.65
67,kodinsk,RU,1619033032,58.6881,99.1844,-14.65,93,6,0.88
68,mandalgovi,MN,1619033034,45.7625,106.2708,9.02,40,18,4.14
69,hami,CN,1619032759,42.8,93.45,20.45,15,99,2.71
70,barrow,US,1619033038,71.2906,-156.7887,-7.0,79,1,3.09
71,jinchang,CN,1619033007,38.4953,102.1739,14.07,25,100,1.57
72,meget,RU,1619033041,52.415,104.0494,-4.0,74,0,2.0
73,yellowknife,CA,1619032824,62.456,-114.3525,-5.0,63,90,10.29
74,vaini,TO,1619033047,-21.2,-175.2,23.0,94,40,1.54
75,warrnambool,AU,1619033048,-38.3833,142.4833,10.56,90,89,2.24
76,bluff,NZ,1619033050,-46.6,168.3333,8.33,97,100,0.45
77,damara,CF,1619033051,4.9608,18.7035,31.0,62,20,2.06
78,haines junction,CA,1619033017,60.7522,-137.5108,5.0,26,71,2.06
79,dikson,RU,1619033054,73.5069,80.5464,-1.56,94,100,6.77
80,komsomolskiy,UZ,1619033056,40.4272,71.7189,10.0,66,75,3.09
81,bud,US,1619032946,39.447,-86.1758,7.78,56,75,6.17
82,talnakh,RU,1619032997,69.4865,88.3972,-11.17,92,100,3.91
83,bambous virieux,MU,1619033060,-20.3428,57.7575,25.0,94,75,4.12
84,nantucket,US,1619033063,41.2835,-70.0995,13.0,76,90,8.75
85,carnarvon,AU,1619033064,-24.8667,113.6333,18.0,88,15,3.09
86,kieta,PG,1619033066,-6.2167,155.6333,25.84,82,100,0.59
87,sechura,PE,1619033067,-5.5569,-80.8222,27.68,56,9,5.02
88,phek,IN,1619032990,25.6667,94.5,12.08,60,43,0.88
89,east london,ZA,1619033072,-33.0153,27.9116,19.0,82,75,6.17
90,phan thiet,VN,1619033073,10.9333,108.1,26.2,84,100,1.41
91,voiron,FR,1619033075,45.3639,5.5921,10.0,81,90,1.54
92,tura,IN,1619032863,25.5198,90.2201,21.89,83,100,4.15
93,mount gambier,AU,1619033079,-37.8333,140.7667,10.0,100,75,3.6
94,victoria,HK,1619032433,22.2855,114.1577,23.33,82,0,2.85
95,saldanha,ZA,1619033082,-33.0117,17.9442,15.0,77,69,0.52
96,new norfolk,AU,1619033084,-42.7826,147.0587,11.11,67,95,2.68
97,klaksvik,FO,1619033085,62.2266,-6.589,5.0,87,75,6.17
98,astoria,US,1619033087,46.1879,-123.8313,12.78,82,75,2.57
99,westport,US,1619033088,41.1415,-73.3579,16.0,72,75,5.14
100,husavik,IS,1619033090,66.0449,-17.3389,8.0,53,20,6.69
101,aklavik,CA,1619033091,68.2191,-135.0107,-4.0,54,40,4.63
102,avarua,CK,1619033093,-21.2078,-159.775,26.0,73,75,6.17
103,severo-kurilsk,RU,1619033095,50.6789,156.125,1.95,91,100,3.89
104,uruguaiana,BR,1619033096,-29.7547,-57.0883,29.0,45,0,5.66
105,kahului,US,1619033098,20.8947,-156.47,26.0,73,20,2.92
106,rawson,AR,1619033099,-43.3002,-65.1023,18.51,78,100,7.38
107,cockburn town,TC,1619033101,21.4612,-71.1419,26.09,75,7,7.47
108,rumoi,JP,1619033103,43.9344,141.6428,3.24,87,97,5.17
109,torbay,CA,1619033104,47.6666,-52.7314,10.0,57,20,8.23
110,oranjemund,NA,1619033106,-28.55,16.4333,16.25,89,80,2.48
111,pundaguitan,PH,1619033107,6.3711,126.1689,28.15,73,38,2.23
112,chokurdakh,RU,1619032931,70.6333,147.9167,-8.46,94,100,4.84
113,qasigiannguit,GL,1619033110,68.8193,-51.1922,-4.0,54,1,3.09
114,roebourne,AU,1619033112,-20.7833,117.1333,25.84,46,0,3.37
115,nelson bay,AU,1619033114,-32.7167,152.15,10.0,93,1,3.6
116,dombarovskiy,RU,1619033115,50.7587,59.5386,5.2,50,100,4.05
117,lakes entrance,AU,1619033117,-37.8811,147.981,6.67,90,96,4.21
118,colares,PT,1619033118,38.7992,-9.4469,16.67,94,75,3.09
119,skjervoy,NO,1619033120,70.0311,20.9714,2.0,80,75,4.12
120,prince rupert,CA,1619033122,54.3161,-130.3201,10.0,71,20,2.57
121,hilo,US,1619033123,19.7297,-155.09,27.0,61,40,2.22
122,dingle,PH,1619033125,10.9995,122.6711,25.5,82,100,3.47
123,mahebourg,MU,1619033126,-20.4081,57.7,25.0,94,75,4.12
124,turukhansk,RU,1619033128,65.8167,87.9833,-16.53,99,97,0.61
125,ereymentau,KZ,1619033130,51.6199,73.1033,0.14,65,63,3.05
126,basco,PH,1619033131,20.4487,121.9702,25.48,86,100,15.27
127,macau,MO,1619032866,22.2006,113.5461,23.0,88,20,5.14
128,grand gaube,MU,1619033134,-20.0064,57.6608,25.0,85,100,1.34
129,wanlaweyn,SO,1619033136,2.6185,44.8938,28.21,70,100,5.86
130,samarai,PG,1619033137,-10.6167,150.6667,27.5,79,77,2.19
131,padang,ID,1619033063,-0.9492,100.3543,24.71,88,100,0.8
132,tateyama,JP,1619033140,34.9833,139.8667,15.0,38,0,5.66
133,bredasdorp,ZA,1619033142,-34.5322,20.0403,16.0,94,99,4.12
134,batagay-alyta,RU,1619033144,67.8006,130.4114,-18.63,96,100,2.62
135,beloha,MG,1619032870,-25.1667,45.05,21.15,80,4,7.36
136,iskateley,RU,1619033148,67.6803,53.1512,2.49,86,95,5.31
137,tucuman,AR,1619033149,-26.8241,-65.2226,32.0,48,20,3.09
138,shingu,JP,1619033151,33.7333,135.9833,12.13,49,6,3.32
139,longyearbyen,SJ,1619033153,78.2186,15.6401,-4.0,63,75,7.2
140,scarborough,GB,1619032972,54.2797,-0.4044,6.11,71,58,3.26
141,ilulissat,GL,1619032899,69.2167,-51.1,-4.0,54,1,3.09
142,wajir,KE,1619032871,1.7471,40.0573,24.0,88,75,5.66
143,maltahohe,NA,1619032878,-24.8333,16.9833,21.0,22,31,4.85
144,asau,RO,1619032948,46.4333,26.4,8.33,55,15,2.45
145,sept-iles,CA,1619033163,50.2001,-66.3821,6.0,61,75,5.14
146,provideniya,RU,1619033164,64.3833,-173.3,-2.0,54,0,2.0
147,den helder,NL,1619033166,52.9599,4.7593,6.11,61,90,4.63
148,wanning,CN,1619033167,18.8003,110.3967,24.41,86,38,2.65
149,ayan,RU,1619033169,56.45,138.1667,-2.25,85,100,0.84
150,georgetown,MY,1619033170,5.4112,100.3354,28.89,89,40,1.03
151,wakkanai,JP,1619033172,45.4094,141.6739,3.73,80,75,7.71
152,vanimo,PG,1619032998,-2.6741,141.3028,25.2,83,99,2.04
153,leningradskiy,RU,1619033175,69.3833,178.4167,-3.97,64,35,3.19
154,verkhniye tatyshly,RU,1619033177,56.2912,55.8575,6.52,54,100,3.47
155,chicama,PE,1619033178,-7.8447,-79.1469,19.0,88,90,5.14
156,upernavik,GL,1619032985,72.7868,-56.1549,-7.56,70,100,2.97
157,manggar,ID,1619033181,-2.8833,108.2667,27.57,72,53,3.6
158,salisbury,GB,1619033183,51.0693,-1.7957,13.0,58,6,4.63
159,nizhniy odes,RU,1619033184,63.6445,54.856,5.17,81,100,4.29
160,porto novo,BJ,1619033186,6.4965,2.6036,30.0,74,20,6.69
161,lagoa,PT,1619033188,39.05,-27.9833,17.6,90,100,13.79
162,luderitz,NA,1619032939,-26.6481,15.1594,19.63,70,100,4.02
163,labuan,MY,1619033191,5.2767,115.2417,25.0,94,20,1.3
164,luganville,VU,1619033192,-15.5333,167.1667,26.65,84,91,2.25
165,qandala,SO,1619033195,11.472,49.8728,29.26,63,7,4.32
166,shimoda,JP,1619032983,34.6667,138.95,11.11,80,4,1.34
167,jedrzejow,PL,1619033198,50.6394,20.3045,11.11,63,75,2.24
168,bonavista,CA,1619033200,48.6499,-53.1147,9.0,71,33,0.51
169,dubbo,AU,1619033201,-32.25,148.6167,0.0,93,0,1.54
170,batesville,US,1619033203,35.7698,-91.641,13.33,33,40,2.57
171,souillac,MU,1619033205,-20.5167,57.5167,25.0,94,75,4.12
172,saint-georges,GD,1619032980,12.0564,-61.7485,29.0,61,20,10.8
173,lagunas,PE,1619033207,-5.2269,-75.6753,30.43,56,79,2.18
174,saint george,US,1619033209,37.1041,-113.5841,26.11,6,1,11.83
175,iqaluit,CA,1619033210,63.7506,-68.5145,-3.0,93,90,6.17
176,saint-philippe,RE,1619033212,-21.3585,55.7679,25.0,83,75,5.66
177,alofi,NU,1619033213,-19.0595,-169.9187,26.0,94,99,2.57
178,clyde river,CA,1619033214,70.4692,-68.5914,-11.0,92,75,9.26
179,pisco,PE,1619033089,-13.7,-76.2167,23.0,64,0,11.32
180,nizhniy tsasuchey,RU,1619033217,50.5167,115.1333,6.06,54,89,7.25
181,san quintin,MX,1619033218,30.4833,-115.95,16.75,60,11,5.8
182,talcahuano,CL,1619033220,-36.7167,-73.1167,17.0,82,90,4.12
183,rocha,UY,1619033223,-34.4833,-54.3333,22.14,66,26,7.3
184,narsaq,GL,1619033224,60.9167,-46.05,9.0,29,75,12.35
185,mayor pablo lagerenza,PY,1619033225,-19.9309,-60.7718,32.11,40,100,3.86
186,airai,TL,1619033227,-8.9266,125.4092,14.27,95,65,0.99
187,riyadh,SA,1619033155,24.6877,46.7219,33.0,14,0,1.54
188,isangel,VU,1619033231,-19.55,169.2667,25.33,87,12,2.41
189,namibe,AO,1619033232,-15.1961,12.1522,27.07,82,57,4.79
190,half moon bay,US,1619033027,37.4636,-122.4286,18.33,93,75,2.57
191,polazna,RU,1619033235,58.2946,56.4055,11.0,24,0,4.0
192,muisne,EC,1619033238,0.6,-80.0333,28.0,83,75,2.06
193,port blair,IN,1619033239,11.6667,92.75,27.35,77,36,3.1
194,sao mateus do sul,BR,1619032980,-25.8742,-50.3828,17.08,83,100,1.81
195,tasiilaq,GL,1619033242,65.6145,-37.6368,-1.0,47,20,6.17
196,cayenne,GF,1619033243,4.9333,-52.3333,28.33,78,75,5.66
197,laguna,US,1619033245,38.421,-121.4238,22.78,30,1,1.54
198,tuatapere,NZ,1619033246,-46.1333,167.6833,8.33,97,96,0.45
199,hobyo,SO,1619033247,5.3505,48.5268,29.32,68,100,6.71
200,kupang,ID,1619033045,-10.1667,123.5833,23.62,84,24,2.17
201,lebu,CL,1619033250,-37.6167,-73.65,13.37,80,86,7.34
202,moramanga,MG,1619033251,-18.9333,48.2,17.88,97,100,0.84
203,ferme-neuve,CA,1619033253,46.7001,-75.4493,0.0,43,100,4.12
204,vestmannaeyjar,IS,1619033254,63.4427,-20.2734,7.0,76,75,3.6
205,pozo colorado,PY,1619033257,-23.4923,-58.7972,35.74,21,0,3.54
206,tezu,IN,1619033259,27.9167,96.1667,24.16,41,69,2.1
207,bowen,AU,1619033261,-20.0167,148.2333,22.0,94,40,1.03
208,matagami,CA,1619033263,49.7502,-77.6328,-5.0,58,75,4.63
209,lompoc,US,1619033264,34.6391,-120.4579,13.0,71,57,4.63
210,tutoia,BR,1619033266,-2.7619,-42.2744,30.0,74,75,4.12
211,luena,AO,1619033267,-11.7833,19.9167,18.98,64,61,1.35
212,baykit,RU,1619033269,61.67,96.37,-11.69,94,49,1.28
213,buarcos,PT,1619033239,40.166,-8.8768,15.56,100,75,2.57
214,lindi,TZ,1619033272,-10.0,39.7167,25.0,88,20,7.72
215,hervey bay,AU,1619033273,-25.2986,152.8535,18.33,91,4,1.79
216,aranos,NA,1619033275,-24.1333,19.1167,20.51,24,0,3.88
217,sao goncalo do sapucai,BR,1619033277,-21.8922,-45.5953,22.74,57,0,2.01
218,kedrovyy,RU,1619033279,56.1667,91.8167,-7.0,68,0,1.0
219,lasa,IT,1619033281,46.6166,10.7002,13.0,61,40,3.09
220,nikolskoye,RU,1619033283,59.7035,30.7861,2.22,93,75,1.0
221,myitkyina,MM,1619033284,25.3833,97.4,22.56,43,3,1.03
222,nara,JP,1619033286,34.6851,135.8049,12.78,36,88,0.46
223,ballina,AU,1619033288,-28.8667,153.5667,14.0,94,1,2.06
224,rizhao,CN,1619033289,35.4275,119.4553,11.77,96,100,3.49
225,vila franca do campo,PT,1619033019,37.7167,-25.4333,17.0,94,75,6.69
226,cherskiy,RU,1619033292,68.75,161.3,-2.47,69,100,8.34
227,todos santos,MX,1619033294,23.45,-110.2167,22.78,68,11,1.79
228,svetlogorsk,BY,1619033295,52.6333,29.7333,7.19,93,100,2.79
229,nerchinskiy zavod,RU,1619033298,51.3088,119.61,6.76,67,100,2.72
230,morondava,MG,1619033300,-20.2833,44.2833,25.73,76,51,5.01
231,talara,PE,1619033302,-4.5772,-81.2719,29.0,54,0,7.2
232,beyneu,KZ,1619033007,45.3167,55.2,10.42,37,96,10.52
233,liverpool,GB,1619033034,53.4106,-2.9779,12.0,58,90,5.14
234,honningsvag,NO,1619033306,70.9821,25.9704,3.0,75,40,6.69
235,vizinga,RU,1619033309,61.0749,50.1031,6.52,61,100,5.99
236,buluang,PH,1619033311,13.3068,123.3425,25.13,89,100,1.95
237,vinh yen,VN,1619033312,21.31,105.5967,27.0,89,90,3.6
238,grindavik,IS,1619033314,63.8424,-22.4338,7.0,76,90,6.69
239,rognan,NO,1619033315,67.0953,15.3878,2.22,71,100,2.15
240,almaznyy,RU,1619033317,48.0448,40.045,10.0,87,0,2.0
241,qingdao,CN,1619033319,36.0986,120.3719,16.0,67,90,5.0
242,aksu,CN,1619033320,41.1231,80.2644,14.99,45,87,1.55
243,clarksburg,US,1619033025,39.2807,-80.3445,4.0,81,90,3.09
244,san cristobal,VE,1619033323,7.7669,-72.225,32.0,51,40,6.17
245,tiksi,RU,1619033325,71.6872,128.8694,-12.81,90,100,4.5
246,bay roberts,CA,1619033326,47.5999,-53.2648,10.56,57,20,8.23
247,mineiros,BR,1619033328,-17.5694,-52.5511,26.59,41,0,2.42
248,sungaipenuh,ID,1619033120,-2.0833,101.3833,18.43,96,100,0.37
249,fukue,JP,1619033331,32.6881,128.8419,18.05,58,57,1.56
250,valentin gomez farias,MX,1619033333,28.2167,-106.5833,21.67,22,0,0.89
251,teguldet,RU,1619033334,57.3064,88.1667,-6.49,94,95,2.0
252,nova vicosa,BR,1619033336,-17.8919,-39.3719,25.84,77,100,2.91
253,vao,NC,1619033337,-22.6667,167.4833,23.7,70,73,3.54
254,bilma,NE,1619033339,18.6853,12.9164,33.22,8,0,4.33
255,bafoulabe,ML,1619033341,13.8065,-10.8321,39.44,9,44,3.75
256,mount isa,AU,1619033342,-20.7333,139.5,24.0,16,97,6.69
257,les cayes,HT,1619033344,18.2,-73.75,29.31,56,1,5.62
258,hithadhoo,MV,1619033345,-0.6,73.0833,28.22,66,7,2.22
259,port macquarie,AU,1619033347,-31.4333,152.9167,9.44,82,2,0.45
260,jalu,LY,1619033350,29.0331,21.5482,23.05,20,79,4.31
261,harper,LR,1619033352,4.375,-7.7169,27.88,79,69,3.99
262,emet,TR,1619033353,39.343,29.2585,7.78,70,8,1.53
263,hambantota,LK,1619033355,6.1241,81.1185,25.0,100,20,1.54
264,tiruchchendur,IN,1619033356,8.4833,78.1167,28.41,75,6,6.59
265,apache junction,US,1619033255,33.4151,-111.5496,31.67,5,20,10.29
266,ramhormoz,IR,1619033359,31.28,49.6035,30.63,18,100,2.73
267,barcelos,PT,1619033361,41.5388,-8.6151,14.0,88,40,3.6
268,ambulu,ID,1619033364,-8.345,113.6058,22.51,84,78,1.68
269,acapulco,MX,1619033092,16.8634,-99.8901,31.0,55,40,2.06
270,cidreira,BR,1619033367,-30.1811,-50.2056,21.63,67,100,7.89
271,goure,NE,1619033369,13.9835,10.2704,34.44,5,5,3.41
272,zhanaozen,KZ,1619033370,43.3,52.8,17.42,16,14,11.98
273,kaeo,NZ,1619033372,-35.1,173.7833,12.22,96,100,0.89
274,ponta delgada,PT,1619033373,37.7333,-25.6667,17.0,94,75,6.69
275,deputatskiy,RU,1619033375,69.3,139.9,-16.79,94,100,2.37
276,saskylakh,RU,1619033376,71.9167,114.0833,-23.06,100,90,2.54
277,saint-paul,RE,1619033300,-21.0096,55.2707,26.0,69,90,7.72
278,la ronge,CA,1619033379,55.1001,-105.2842,16.0,20,7,4.12
279,codrington,AU,1619033381,-38.2667,141.9667,10.5,90,100,4.99
280,melfi,IT,1619033382,40.9965,15.6514,7.0,87,40,1.54
281,koumac,NC,1619033384,-20.5667,164.2833,23.7,88,65,3.03
282,sorland,NO,1619033386,67.667,12.6934,2.0,64,40,6.17
283,port lincoln,AU,1619033387,-34.7333,135.8667,15.27,80,100,5.77
284,sayyan,YE,1619033389,15.1718,44.3244,17.15,26,84,1.85
285,otane,NZ,1619033392,-39.8833,176.6333,10.56,92,40,1.53
286,zhezkazgan,KZ,1619033393,47.8043,67.7144,4.4,49,0,2.71
287,santiago del estero,AR,1619033395,-27.7951,-64.2615,35.54,31,14,7.16
288,jinotega,NI,1619033397,13.0917,-86.0018,26.0,65,75,4.12
289,kyra,RU,1619033398,49.5776,111.9753,2.61,57,39,2.27
290,auckland,NZ,1619033068,-36.8667,174.7667,17.0,77,40,4.63
291,kirovskiy,RU,1619033401,45.0917,133.5136,7.2,46,0,2.54
292,banka,IN,1619033403,24.8833,86.9167,31.44,33,100,3.18
293,sisimiut,GL,1619033405,66.9395,-53.6735,0.26,76,61,2.25
294,bima,ID,1619033407,-8.4667,118.7167,20.93,90,40,1.6
295,kaiwaka,NZ,1619033408,-36.1667,174.45,13.89,87,100,1.34
296,hamilton,US,1619033282,39.1834,-84.5333,7.22,49,75,6.17
297,santa maria,BR,1619033414,-29.6842,-53.8069,27.0,54,20,5.14
298,tiznit,MA,1619033415,29.5833,-9.5,14.85,72,7,2.65
299,puerto leguizamo,CO,1619033417,-0.1934,-74.7819,26.64,81,78,0.56
300,moundsville,US,1619033419,39.9203,-80.7431,2.78,69,90,5.14
301,khatanga,RU,1619033420,71.9667,102.5,-12.49,94,100,6.95
302,meiganga,CM,1619033422,6.5167,14.3,20.53,89,89,0.77
303,general roca,AR,1619033423,-39.0333,-67.5833,21.0,49,40,3.09
304,nokaneng,BW,1619033425,-19.6667,22.2667,18.4,42,0,3.29
305,bereda,ES,1619033426,43.2686,-7.5406,11.67,99,100,0.89
306,lorengau,PG,1619033428,-2.0226,147.2712,27.48,81,100,3.05
307,ngunguru,NZ,1619033430,-35.6167,174.5,12.22,96,100,0.89
308,petropavlovsk-kamchatskiy,RU,1619033415,53.0452,158.6483,2.0,100,75,3.0
309,lumut,MY,1619033433,4.2323,100.6298,27.0,89,40,2.89
310,anadyr,RU,1619033434,64.75,177.4833,-10.0,92,95,4.0
311,hailar,CN,1619033436,49.2,119.7,14.5,41,100,6.89
312,ostrovnoy,RU,1619033437,68.0531,39.5131,2.61,71,100,3.09
313,karratha,AU,1619033439,-20.7377,116.8463,25.24,53,2,3.93
314,kapoeta,SS,1619033441,4.7717,33.5903,23.88,73,100,2.01
315,hosur,IN,1619033444,12.7167,77.8167,29.44,65,75,3.09
316,yumen,CN,1619033445,40.2833,97.2,14.82,17,94,2.17
317,geraldton,AU,1619033448,-28.7667,114.6,18.0,55,100,2.57
318,mokhsogollokh,RU,1619033450,61.4681,128.9203,-12.08,96,100,1.51
319,poindimie,NC,1619033452,-20.9333,165.3333,23.57,85,76,1.62
320,chibuto,MZ,1619033453,-24.6867,33.5306,18.78,94,0,2.3
321,grand-santi,GF,1619033455,4.25,-54.3833,25.73,95,34,1.68
322,nome,US,1619033457,64.5011,-165.4064,0.0,51,1,1.54
323,kharp,RU,1619033458,66.8014,65.8081,-4.69,95,99,1.97
324,richards bay,ZA,1619033460,-28.783,32.0377,20.52,90,91,1.69
325,jishou,CN,1619033461,28.3167,109.7167,17.19,98,99,0.28
326,teya,RU,1619033463,60.3778,92.6267,-13.68,99,70,0.67
327,salalah,OM,1619033465,17.0151,54.0924,27.23,73,100,1.9
328,bubaque,GW,1619033466,11.2833,-15.8333,25.72,71,99,8.59
329,guerrero negro,MX,1619033352,27.9769,-114.0611,19.11,53,12,5.4
330,port-gentil,GA,1619033469,-0.7193,8.7815,28.0,89,20,1.54
331,tuy hoa,VN,1619033471,13.0833,109.3,24.67,92,100,1.03
332,pangnirtung,CA,1619033473,66.1451,-65.7125,-2.0,69,90,8.23
333,bodden town,KY,1619033474,19.2833,-81.25,30.0,62,20,5.66
334,otjiwarongo,NA,1619033476,-20.4637,16.6477,16.85,36,1,3.58
335,bairiki,KI,1619033477,1.3292,172.9752,28.0,83,75,3.09
336,mumford,GH,1619033479,5.2618,-0.759,28.02,83,100,6.42
337,constitucion,CL,1619033413,-35.3333,-72.4167,14.37,96,100,5.92
338,ahipara,NZ,1619033485,-35.1667,173.1667,16.12,77,100,1.19
339,itarema,BR,1619033462,-2.9248,-39.9167,26.66,78,100,2.6
340,cumbitara,CO,1619033488,1.6517,-77.5823,22.2,61,55,2.55
341,aswan,EG,1619033489,24.0934,32.907,33.47,20,83,5.23
342,douentza,ML,1619033491,14.9951,-2.9517,33.92,9,15,2.35
343,bjornevatn,NO,1619033492,69.6672,29.9847,6.0,49,0,2.57
344,sabang,ID,1619033494,5.8933,95.3214,28.32,75,100,6.35
345,saveh,IR,1619033497,35.0213,50.3566,26.5,21,100,3.77
346,necochea,AR,1619033499,-38.5473,-58.7368,24.44,52,0,6.26
347,leshukonskoye,RU,1619033502,64.8989,45.7622,8.13,50,100,5.9
348,letnik,RU,1619033503,46.011,41.2657,9.9,88,54,2.77
349,ahuimanu,US,1619033505,21.4447,-157.8378,27.0,83,75,3.09
350,duncan,US,1619033400,34.5023,-97.9578,15.56,26,40,3.09
351,josanicka banja,RS,1619033509,43.3895,20.7503,11.11,76,0,1.03
352,chapais,CA,1619033512,49.7834,-74.8492,-5.0,58,90,2.57
353,san patricio,US,1619033514,28.017,-97.5169,22.0,37,90,2.57
354,acara,BR,1619033517,-1.9608,-48.1967,25.48,84,99,1.02
355,port elizabeth,ZA,1619033518,-33.918,25.5701,20.0,94,20,5.14
356,ixtapa,MX,1619033520,20.7,-105.2,28.0,65,1,5.66
357,katsuura,JP,1619033522,35.1333,140.3,15.0,38,0,5.66
358,billings,US,1619033405,45.7833,-108.5007,10.0,31,20,1.54
359,coihaique,CL,1619033525,-45.5752,-72.0662,12.0,54,75,3.6
360,chanderi,IN,1619033526,24.7167,78.1333,25.84,26,54,1.18
361,trairi,BR,1619033528,-3.2778,-39.2689,26.41,80,38,2.56
362,kothapet,IN,1619033531,19.3333,79.4833,29.09,52,74,2.99
363,evanston,US,1619033532,42.0411,-87.6901,9.0,29,75,7.2
364,coquimbo,CL,1619033471,-29.9533,-71.3436,19.0,68,0,6.69
365,zhanakorgan,KZ,1619033535,43.9098,67.2495,7.25,37,0,6.48
366,saint-pierre,RE,1619033537,-21.3393,55.4781,25.0,83,75,5.66
367,gat,IL,1619033497,31.61,34.7642,18.89,100,100,2.64
368,dunedin,NZ,1619033520,-45.8742,170.5036,10.56,97,98,2.07
369,timizart,DZ,1619033541,36.8,4.2667,13.79,67,99,0.94
370,viedma,AR,1619033542,-40.8135,-62.9967,22.72,55,100,4.65
371,camacha,PT,1619033544,33.0833,-16.3333,19.0,82,75,5.66
372,venlo,NL,1619033545,51.3667,6.1667,10.0,58,18,6.3
373,fenyi,CN,1619033547,27.8112,114.6681,19.86,97,51,1.83
374,bennington,US,1619033548,42.8781,-73.1968,2.22,87,90,3.09
375,coahuayana,MX,1619033550,18.7333,-103.6833,31.0,18,1,3.6
376,walvis bay,NA,1619033551,-22.9575,14.5053,22.0,56,100,1.03
377,kavaratti,IN,1619033552,10.5669,72.642,28.67,68,30,3.01
378,maicao,CO,1619033556,11.3832,-72.2432,32.03,43,59,6.66
379,moose factory,CA,1619033558,51.2585,-80.6094,-3.0,54,90,5.14
380,tabriz,IR,1619033167,38.08,46.2919,18.0,45,40,2.06
381,shubarkuduk,KZ,1619033560,49.1447,56.4872,7.64,32,100,7.4
382,saint-joseph,RE,1619035049,-21.3667,55.6167,25.0,83,75,7.2
383,saint-augustin,CA,1619035050,51.226,-58.6502,4.37,76,93,5.19
384,belyy yar,RU,1619035051,53.6039,91.3903,-4.0,46,0,2.0
385,vilhena,BR,1619035053,-12.7406,-60.1458,28.0,69,40,3.09
386,faanui,PF,1619035054,-16.4833,-151.75,27.36,74,25,6.15
387,cabo san lucas,MX,1619035056,22.8909,-109.9124,30.0,32,1,3.09
388,palma di montechiaro,IT,1619035057,37.1926,13.765,13.89,88,100,0.45
389,monroe,US,1619035059,43.1501,-77.6831,2.22,80,75,5.66
390,ancud,CL,1619034918,-41.8697,-73.8203,13.89,71,75,2.06
391,carnot,CF,1619035061,4.9409,15.8665,22.47,81,83,1.26
392,baruun-urt,MN,1619035063,46.6806,113.2792,10.81,71,96,2.06
393,kodiak,US,1619035064,57.79,-152.4072,5.0,87,90,7.72
394,rabo de peixe,PT,1619035066,37.8,-25.5833,18.0,94,75,6.69
395,yar-sale,RU,1619035067,66.8333,70.8333,0.6,89,100,5.01
396,xingyi,CN,1619035069,24.1877,102.817,14.87,54,0,1.7
397,chimore,BO,1619035070,-16.9833,-65.1333,28.0,80,84,1.12
398,puerto colombia,CO,1619034913,10.9878,-74.9547,31.0,62,20,7.72
399,gwadar,PK,1619034962,25.1216,62.3254,27.5,59,0,0.91
400,iquique,CL,1619035075,-20.2208,-70.1431,22.0,53,0,8.75
401,kawalu,ID,1619035076,-7.3817,108.2082,20.72,92,33,0.82
402,plouzane,FR,1619035078,48.3833,-4.6167,13.0,87,78,3.09
403,linxia,CN,1619035079,35.6003,103.2064,11.6,55,4,0.67
404,sola,VU,1619035081,-13.8833,167.55,28.02,76,52,5.66
405,leninsk,RU,1619035082,48.7119,45.1994,9.0,87,0,4.0
406,peto,MX,1619035084,20.1333,-88.9167,31.6,51,99,0.95
407,paita,PE,1619034847,-5.0892,-81.1144,29.0,54,0,7.2
408,muncie,US,1619035087,40.1934,-85.3864,5.56,81,40,5.35
409,ponta do sol,PT,1619035088,32.6667,-17.1,17.78,74,92,0.45
410,waingapu,ID,1619035090,-9.6567,120.2641,22.54,80,5,2.65
411,klyuchi,RU,1619035091,52.2667,79.1667,-2.09,76,18,4.13
412,fortuna,US,1619035093,40.5982,-124.1573,13.89,82,75,6.17
413,alice springs,AU,1619035049,-23.7,133.8833,9.0,57,0,2.57
414,bontang,ID,1619035096,0.1333,117.5,25.03,89,100,2.81
415,mahibadhoo,MV,1619035097,3.7833,72.9667,28.12,70,6,3.23
416,cedar city,US,1619035099,37.6775,-113.0619,18.33,8,1,11.83
417,pacific grove,US,1619035100,36.6177,-121.9166,12.0,82,90,3.09
418,kruisfontein,ZA,1619036383,-34.0033,24.7314,17.22,94,98,0.89
419,campbell river,CA,1619036273,50.0163,-125.2446,17.22,51,75,3.09
420,aasiaat,GL,1619036390,68.7098,-52.8699,-4.86,78,22,6.55
421,broome,US,1619036391,42.2506,-75.833,2.78,80,90,7.2
422,pitsunda,GE,1619036393,43.1592,40.3378,11.0,87,75,2.0
423,gushikawa,JP,1619036394,26.3544,127.8686,21.0,88,90,5.66
424,flin flon,CA,1619036396,54.7682,-101.865,15.0,20,1,4.63
425,havoysund,NO,1619036397,70.9963,24.6622,3.0,75,40,6.17
426,bensonville,LR,1619036399,6.4461,-10.6125,27.0,89,75,2.12
427,sokoni,TZ,1619036400,-6.4333,39.55,27.0,83,40,6.17
428,bethel,US,1619036155,41.3712,-73.414,11.0,76,75,5.66
429,tynda,RU,1619036406,55.1667,124.7167,-1.75,88,100,3.16
430,indramayu,ID,1619036227,-6.3264,108.32,24.97,76,5,3.63
431,buenaventura,CO,1619036319,3.8801,-77.0312,26.23,88,99,1.09
432,bacolod,PH,1619036411,10.6667,122.95,25.89,85,94,4.91
433,natal,BR,1619036414,-5.795,-35.2094,29.0,74,40,5.66
434,nanortalik,GL,1619036415,60.1432,-45.2371,3.72,73,100,2.75
435,broken hill,AU,1619036417,-31.95,141.4333,9.0,57,0,2.06
436,mitsamiouli,KM,1619036418,-11.3847,43.2844,27.28,74,100,5.28
437,ewo,CG,1619036420,-0.8725,14.8206,23.37,90,99,0.78
438,yulara,AU,1619036421,-25.2406,130.9889,11.0,54,0,2.57
439,bermejo,AR,1619036423,-32.8833,-68.8,16.0,67,75,1.03
440,kysyl-syr,RU,1619036425,63.8986,122.7617,-17.6,97,99,1.32
441,amboasary,MG,1619036426,-25.0333,46.3833,22.0,94,40,5.14
442,bembereke,BJ,1619036428,10.2283,2.6634,28.06,55,100,2.8
443,nortelandia,BR,1619036429,-14.4547,-56.8028,30.98,54,4,1.82
444,asyut,EG,1619036431,27.181,31.1837,26.0,34,0,7.72
445,mildura,AU,1619036203,-34.2,142.15,9.0,49,75,2.06
446,oranjestad,AW,1619036434,12.524,-70.027,30.0,62,20,10.8
447,siniscola,IT,1619036435,40.5719,9.6922,13.0,94,40,2.57
448,mangan,IN,1619036437,27.5167,88.5333,18.83,66,100,2.54
449,primero de enero,CU,1619036440,21.9469,-78.4283,32.0,55,75,5.66
450,vila,PT,1619036441,42.0304,-8.1588,13.33,87,20,0.51
451,san felipe,VE,1619036443,10.3399,-68.7425,29.29,54,57,4.74
452,harrismith,ZA,1619036446,-28.2728,29.1295,11.76,58,85,0.57
453,sinnamary,GF,1619036447,5.3833,-52.95,25.87,87,100,5.5
454,inuvik,CA,1619036449,68.3499,-133.7218,-5.0,53,93,8.75
455,krutikha,RU,1619036450,53.9599,81.2093,-2.39,88,60,3.67
456,namtsy,RU,1619036452,62.7161,129.6658,-15.0,72,0,2.0
457,chara,RU,1619036453,56.9064,118.2631,-10.73,85,100,3.03
458,yenagoa,NG,1619036456,4.9247,6.2642,27.08,83,32,2.86
459,maldonado,UY,1619036457,-34.6667,-54.9167,23.33,68,40,4.12
460,sao filipe,CV,1619036459,14.8961,-24.4956,23.19,69,100,5.91
461,raahe,FI,1619036460,64.6833,24.4833,5.0,56,0,1.54
462,naze,JP,1619036462,28.3667,129.4833,18.5,71,13,7.77
463,ambilobe,MG,1619036464,-13.2,49.05,24.9,69,100,3.3
464,sibu,MY,1619036465,2.3,111.8167,24.0,94,40,0.51
465,mirador,BR,1619036467,-6.3708,-44.3631,27.01,84,43,0.93
466,takoradi,GH,1619036468,4.8845,-1.7554,27.96,80,20,4.74
467,dorsten,DE,1619036470,51.6667,6.9667,8.89,67,20,2.24
468,zhangjiakou,CN,1619036471,40.81,114.8794,9.95,57,100,3.34
469,quatre cocos,MU,1619036473,-20.2078,57.7625,26.11,94,40,3.09
470,fort nelson,CA,1619036476,58.8053,-122.7002,-1.0,55,75,8.23
471,yatou,CN,1619036478,37.15,122.3833,11.28,65,100,3.22
472,surovikino,RU,1619036479,48.6078,42.8486,9.3,77,6,3.49
473,vila velha,BR,1619036481,-20.3297,-40.2925,28.33,69,20,3.6
474,inhambane,MZ,1619036479,-23.865,35.3833,21.0,94,20,2.75
475,akyab,MM,1619036488,20.15,92.9,26.37,85,0,2.6
476,marawi,PH,1619036490,7.9986,124.2928,23.89,90,100,2.24
477,tazovskiy,RU,1619036491,67.4667,78.7,-4.9,95,94,5.39
478,strelka,RU,1619036493,58.0728,93.0344,-10.47,97,41,0.63
479,mulege,MX,1619036494,26.8833,-111.9833,29.19,24,16,2.76
480,verkhozim,RU,1619036496,52.7122,45.418,7.22,69,62,2.89
481,acari,PE,1619036497,-15.4311,-74.6158,26.04,61,23,4.51
482,pau,FR,1619036499,43.4167,-0.5833,16.0,55,75,2.57
483,soe,ID,1619036501,-9.8607,124.284,16.99,94,20,1.61
484,dunmore town,BS,1619036502,25.5,-76.65,26.24,83,100,4.73
485,maan,PH,1619036504,5.9339,124.7356,25.51,82,56,1.86
486,amapa,BR,1619036505,1.0,-52.0,25.75,95,73,1.34
487,longkou,CN,1619036507,37.6508,120.3286,10.93,63,100,4.02
488,ares,BR,1619036508,-6.1944,-35.1603,29.0,74,40,5.66
489,minot,US,1619036510,48.2325,-101.2963,16.0,17,1,8.75
490,san rafael,AR,1619036424,-34.6177,-68.3301,14.82,65,94,2.49
491,caala,AO,1619036513,-12.8525,15.5606,15.93,63,20,1.43
492,antigonish,CA,1619036365,45.6169,-61.9986,18.33,42,44,6.69
493,dejen,ET,1619036516,10.1667,38.1333,16.99,51,100,2.6
494,biak,ID,1619036518,-0.9131,122.8766,24.57,85,37,1.25
495,atar,MR,1619036519,20.5169,-13.0499,30.56,9,14,3.98
496,sitka,US,1619036521,57.0531,-135.33,9.0,66,20,2.57
497,houma,US,1619036522,29.5958,-90.7195,21.11,42,1,5.14
498,dongsheng,CN,1619036524,39.8161,109.9776,9.32,86,60,6.68
499,mackay,AU,1619036526,-21.15,149.2,22.0,94,87,2.06
500,toowoomba,AU,1619036527,-27.55,151.9667,11.11,93,0,2.06
501,nabire,ID,1619036529,-3.3667,135.4833,24.5,87,95,1.17
502,bizhbulyak,RU,1619036530,53.6967,54.2642,7.79,45,100,7.81
503,clearwater,US,1619036532,27.9659,-82.8001,26.67,53,1,5.14
504,las vegas,US,1619036439,36.175,-115.1372,26.11,11,1,9.77
505,karatau,KZ,1619036535,43.1667,70.4667,1.64,93,100,3.01
506,gondanglegi,ID,1619036536,-7.7479,112.0132,22.52,86,8,2.99
507,green river,US,1619036538,41.5286,-109.4662,4.0,26,20,4.63
508,korla,CN,1619036540,41.7597,86.1469,17.01,38,100,4.08
509,matay,EG,1619036541,28.419,30.7792,21.38,32,50,9.84
510,nouakchott,MR,1619036518,18.0858,-15.9785,20.0,77,0,8.23
511,umba,RU,1619036544,66.6871,34.3429,2.13,84,100,3.76
512,san antonio,US,1619036253,29.4241,-98.4936,20.0,22,75,4.12
513,muzhi,RU,1619036477,65.3667,64.6667,0.47,99,100,1.74
514,san policarpo,PH,1619036549,12.1791,125.5072,24.98,84,100,2.79
515,bom jesus,BR,1619036550,-9.0744,-44.3586,24.71,86,100,1.65
516,korsakov,RU,1619036552,46.6328,142.7813,1.0,93,75,8.0
517,yerbogachen,RU,1619036553,61.2767,108.0108,-14.96,97,44,0.93
518,umm lajj,SA,1619036555,25.0213,37.2685,28.18,51,59,2.42
519,dodola,ET,1619036557,6.9833,39.1833,12.87,80,100,1.34
520,aksarka,RU,1619036558,66.5606,67.7975,0.26,94,100,4.91
521,gizo,SB,1619036560,-8.103,156.8419,27.99,73,89,1.63
522,novobirilyussy,RU,1619036561,56.9514,90.6661,-7.53,95,97,1.51
523,belmonte,BR,1619036563,-15.8631,-38.8828,26.0,78,75,3.09
524,develi,TR,1619036566,38.3906,35.4922,10.0,53,20,3.09
525,taltal,CL,1619036420,-25.4,-70.4833,19.92,65,24,2.38
526,vostok,RU,1619036569,46.4856,135.8833,2.77,47,0,1.68
527,novyy urengoy,RU,1619036570,66.0833,76.6333,-4.93,93,89,4.74
528,zhigansk,RU,1619036572,66.7697,123.3711,-21.85,100,100,1.81
529,lerwick,GB,1619036574,60.1545,-1.1494,7.0,65,90,5.66
530,sangar,RU,1619036575,63.9242,127.4739,-20.17,99,100,0.45
531,fuling,CN,1619036577,29.7022,107.3919,16.58,92,80,0.94
532,namatanai,PG,1619036578,-3.6667,152.4333,25.54,81,100,1.13
533,novoagansk,RU,1619036477,61.9449,76.6625,-10.55,95,86,1.77
534,barabai,ID,1619036582,-2.5833,115.3833,23.35,88,76,0.93
535,melo,UY,1619036583,-32.3667,-54.1833,20.33,77,67,7.42
536,sur,OM,1619036585,22.5667,59.5289,29.66,41,0,5.23
537,khorramabad,IR,1619036586,33.4878,48.3558,22.09,36,100,1.21
538,hofn,IS,1619036588,64.2539,-15.2082,5.0,65,20,1.54
539,gornozavodsk,RU,1619036589,58.3758,58.3211,2.5,75,93,1.78
540,yakeshi,CN,1619036591,49.2833,120.7333,11.37,53,100,2.85
541,rundu,NA,1619036592,-17.9333,19.7667,17.68,48,2,2.82
542,havelock,US,1619036594,34.8791,-76.9013,24.44,53,20,8.75
543,sakakah,SA,1619036595,29.9697,40.2064,31.0,12,0,5.14
544,junction city,US,1619036597,39.0286,-96.8314,9.44,31,75,6.69
